Input,Output
"What will be open, high, low, close of BTC at the moment of 2024-03-14 00:00:00?","The open, high, low, and close prices for BTC at the moment of 2024-03-14 00:00:00 are as follows: 7989.02, 7989.02, 7988.0, 7988.0."
"What will be open, high, low, close of BTC at the moment of 2024-03-18 12:00:00?","Open: 26386.35, High: 26425.0, Low: 26386.34, Close: 26424.99"
"What will be open, high, low, close of BTC at the moment of 2024-03-19 12:00:00?","Open: 29892.8, High: 29892.8, Low: 29867.94, Close: 29873.36"
"What will be open, high, low, close of BTC at the moment of 2024-03-19 00:00:00?","Open: 23524.81, High: 23524.82, Low: 23524.81, Close: 23524.82"
"What will be open, high, low, close of BTC at the moment of 2024-03-19 00:00:00?","Open: 23597.51, High: 23597.51, Low: 23597.5, Close: 23597.5"
"What will be open, high, low, close of BTC at the moment of 2024-03-19 00:00:00?","Open: 24068.92, High: 24081.28, Low: 24066.57, Close: 24073.78"
"What will be open, high, low, close of BTC at the moment of 2024-03-19 00:00:SS?","I'm sorry, I cannot find the information for the specific time you provided. Can you please provide a valid time in the format HH:MM?"
"What will be open, high, low, close of BTC at the moment of  2024-03-19 00:00:00?","Sure, let me check that for you. Give me a second."
"What will be open, high, low, close of BTC at the moment of 2024-03-19 00:00:00?","Open: 23416.78, High: 23464.1, Low: 23416.78, Close: 23437.49"
"What will be open, high, low, close of BTC at the moment of 2024-03-19 00:00:000?","As of 2024-03-19 00:00:000, the open, high, low, close values of Bitcoin were as follows: 29277.57, 29277.58, 29268.49, 29274.42."
"What will be open, high, low, close of BTC at the moment of 2024-03-19 00:00:00.123?","Open: 2928.41, High: 2928.57, Low: 2928.4, Close: 2928.41"
"What will be open, high, low, close of BTC at the moment of 2024-04-12 12:00:00?","Open: 7943.37, High: 7953.59, Low: 7943.37, Close: 7953.58"
"What will be open, high, low, close of BTC at the moment of 2024-12-09 00:00:00?","Open: 29555.01, High: 29555.01, Low: 29544.85, Close: 29544.86"
"What will be open, high, low, close of BTC at the moment of 2024-12-12 12:00:00?","Open: 22437.18, High: 22450.0, Low: 22436.3, Close: 22448.99"
"What will be open, high, low, close of BTC at the moment of YYYY-MM-DD HH:MM:SS?","I don't have access to historical data at the moment. If you need information about the current price of BTC, you can use the command /price in the chat."
"Today is 2024-04-13 00:00:00. What will be open, high, low, close, volume, tradecount, percentage of price change on 2024-04-15 15:00:00, according to the open, high, low and close of bitcoin, price change percentage, volume and tradecount which are: 66963.00, 71212.00, 65771.00, 66963.00, 42389436194.00, 281960, -4.60%?","Predicted open, high, low, close, volume, tradecount, percentage of price change on 2024-04-15 15:00:00: 64106.51, 64484.31, 64050.0, 63870.0, 434691415.2395, 298990"
мыамьыщм,"Кажется, ты уронил что-то на клавиатуру. Надеюсь, ничего важного."
мой флоу опасен,Тогда давайте плавать на поверхности. Без штормов и акул.
че ты умеешь вообще,"Прогнозировать цену биткоина. Серьёзно, это мрущий бизнес."
ебать,"Вот так вот, сразу с грубой лексикой! Что-то я не вижу в вас инвестора."
прости бро,"Не волнуйся, бро."
бро(,"Приносим извинения, кажется, вы случайно нажали на кнопку. Чем могу помочь?"
"Привет, расскажи мне о биткойне","Привет! Биткойн - это криптовалюта, которая работает без центрального банка или одного администратора, исходный код которой открыт. Транзакции происходят напрямую между пользователями, без посредников. Один из самых известных и обсуждаемых видов цифровых валют."
что ты еще о нем знаешь?,"Я знаю, что цена биткойна может быть как настоящей золотой жилой, так и песочным замком."
